Credit_Card_Number,Credit_Limit,Available_Balance,Spending_Score,Last_Transaction_Amount
1523809042611635,11296.12,4939.58,71,997.53
1566644413142286,17585.97,18125.09,6,1469.75
2113164382590023,14912.27,4990.92,77,1185.42
1473600017247252,16324.66,5438.99,55,4742.51
5739335117215865,13516.88,15187.97,66,4723.33
5294495278986454,14153.25,8994.8,15,3049.71
9603998287386058,17134.72,15534.21,82,4622.61
9365459559542132,5743.69,1307.32,50,3929.06
1752491768769383,10299.07,9751.42,81,2949.74
2194720963371138,5202.98,672.27,79,32.18
2414612145732916,19765.69,1253.06,71,3862.58
4381005651339607,18937.13,18128.75,96,3512.44
8588743091649949,1749.11,2784.91,11,3076.27
8840776334805377,14405.93,10648.41,52,3802.12
4400514553353147,18579.72,8221.91,74,2564.61
6516338387960992,4430.93,6946.87,4,3520.42
1793622389017913,11790.96,17996.67,26,4675.86
7315685014608124,18394.28,436.47,11,1879.03
6615115787791192,1644.97,13275.79,16,3540.61
4938659063013850,14250.99,19267.89,5,2378.44
1673151941691902,6649.63,11203.36,96,3372.0
7155792142190591,18563.53,18736.45,4,3814.47
3812396012309179,19450.11,1045.16,56,227.26
3783753987876622,18941.06,8375.87,27,3233.0
1282287114681277,10010.07,5203.16,77,1133.71
1363588817423293,17378.81,14616.42,68,3350.16
9393888157468523,17046.44,19625.94,58,2341.65
2370227639387379,7062.91,5130.6,32,3867.76
3387312331572728,16749.39,13083.49,61,617.0
2174840457629156,1703.15,3961.95,49,3131.61
3268510158365318,12329.13,11306.61,18,1392.35
3102354066533192,5370.17,9278.65,85,4264.91
3032610509673745,3290.77,19440.11,68,4641.92
3860396431286872,2462.11,12170.55,65,4981.99
6534097844971533,14229.49,6990.13,93,3980.04
6384245672060921,7457.62,2281.92,46,3768.67
8647137799495001,14770.57,3024.94,38,1077.5
1292694422969217,2241.77,4506.34,67,1680.04
3785420470638683,6990.52,5019.33,32,2328.41
4893846054951867,11250.33,17012.32,12,3866.91
9415415510810027,16023.74,11224.46,83,4574.83
2101697049707271,7056.3,10467.82,53,945.7
4852337301004322,12891.94,2295.38,6,4611.84
3595729589439568,17833.58,17202.79,78,3478.12
9839674838058545,12701.4,14456.29,86,3053.85
8616762671488387,5426.23,1353.37,13,999.21
4461268725236733,1463.61,14156.7,86,277.63
1894475077134901,17531.88,10870.76,18,2842.32
6968602525388547,1404.12,1634.51,53,3257.58
6241599697364444,17619.33,9166.01,92,1053.91
7388982218750353,11049.81,9693.93,19,2782.28
5251645892564523,18842.29,3315.49,28,4282.47
1845118117023945,16176.88,18913.96,23,4175.33
6462089983951843,19960.75,16999.51,81,4636.78
5495962004160350,7663.52,13380.45,62,1829.43
9993108869524750,15576.58,9245.91,73,1590.25
3095426799443405,8636.69,8235.31,56,3747.13
4358829871195387,10117.64,13019.47,7,2155.56
6633867349188285,12922.6,10908.64,89,437.74
3490564967882452,17599.87,1245.46,61,1414.01
1099848314445548,19697.59,10250.05,28,2092.91
7510558558372718,15597.19,16128.07,73,1462.58
3291608090661655,8937.57,9184.8,16,1661.03
6681837856454872,9005.78,1039.13,65,1468.88
4187465341278395,15014.06,15725.56,5,207.5
4977463024050668,5536.77,4027.28,57,3185.47
6519721442612380,3099.01,5172.42,68,2986.46
9101262512811820,7737.82,3294.13,27,3266.92
7122355688521560,6457.54,6604.3,61,961.55
2301024721865224,6629.85,15135.03,40,1478.27
6019645938955392,5438.55,10387.72,68,3098.08
9734431437261447,1799.77,4097.63,81,2998.14
3785986431597630,1339.6,17556.6,89,2531.65
1585533745485298,19766.73,17591.64,83,1752.07
6799170977464711,9127.69,17411.57,40,4564.66
1060072806379938,8302.21,4775.92,48,1698.85
6058993040929146,13913.3,9024.79,90,2278.1
6795546948308457,5146.82,19699.79,48,3390.57
2241239754963961,19049.26,15440.25,75,2715.11
3700576286231579,15940.56,543.35,70,1734.43
6726835733962952,2698.81,1304.09,2,2178.22
5634748384129803,8934.03,9278.63,9,3972.4
7117275084835872,17703.25,18184.4,97,1390.65
2508733409423862,18949.91,10774.04,88,711.28
9032579558649405,9880.63,9956.25,34,1565.82
9786024184013604,12654.82,2109.47,79,4247.67
3102689678707371,4173.64,13135.6,1,444.95
7464472421247701,19832.2,16442.06,23,4958.48
1105392318031394,5401.76,7608.4,73,2705.01
1866141929438946,18911.9,15512.24,37,4924.23
9367717157576622,13343.29,19289.53,21,4694.98
7533082694969986,12547.0,4075.33,25,2264.07
1790551960175620,10741.08,10466.59,42,992.46
5464950230221302,5382.73,5742.76,54,824.42
9473928625140109,4354.03,15857.09,38,1199.95
3642564701870874,5189.24,11551.87,90,3550.66
6015459702112462,4542.33,12691.65,28,1364.75
6440444140050265,15812.1,15958.28,19,1707.13
1525744538671995,7652.38,7919.41,90,2243.89
9661730131697330,2099.01,18301.8,40,4566.16
4305402088342367,19412.95,10660.58,53,946.97
4319315976805616,17791.93,3159.1,19,25.13
8215216764048380,18627.29,13917.98,18,300.48
5978999659681667,19903.25,15865.23,83,4523.83
7270365087775204,4304.01,6335.23,98,3237.58
5958344770689254,8528.6,17143.59,65,1365.2
5181359139686030,15406.53,18122.87,29,885.96
4321256132465180,14224.39,5538.09,52,1471.33
6211839489038860,3924.02,19670.43,33,573.98
6898465843298118,16500.83,2814.23,21,4707.66
4701757987089650,5264.37,4040.31,66,3921.03
2632044109420315,5252.53,3684.5,5,2311.96
1187198831176361,11202.51,17879.79,78,4324.81
1275068155242045,12265.86,13085.85,26,1247.29
2899647308246004,12021.64,3042.09,9,3585.6
7766967748784923,2738.25,8806.47,72,4280.66
9290434575742571,17671.76,12305.96,96,1783.84
1860004565411155,6046.4,1669.28,95,3787.32
9654384369936317,3460.78,17648.33,47,1475.36
6160327289783935,17886.21,16072.07,69,1494.29
6741620179838966,19157.38,10104.14,58,535.29
2756312441869784,17380.42,19342.53,99,2200.29
3441907550939325,16380.81,8355.22,58,3648.56
4479818031756672,13449.6,19682.21,1,4701.1
8306772944454938,11466.29,13358.4,28,3018.98
7456044517726840,2652.75,12693.43,67,4315.68
3650318458450892,8760.61,3319.1,64,4112.47
7991692670838018,8081.08,17638.56,82,866.72
3143386956391109,5935.32,8549.79,25,2429.09
1094315480749466,14744.98,3244.67,88,584.62
8725754894635325,10421.64,252.15,9,3410.77
8897399859313888,2539.88,11195.11,52,4749.5
5361978532869353,5183.48,10547.99,78,685.45
4925991999079063,13981.92,14387.07,58,3669.42
1712269509238586,2446.49,17805.16,21,3161.19
9283124542795423,17172.93,1588.13,50,2918.03
5352277441660375,10407.78,14629.93,47,1950.6
8051066724175539,10131.14,3748.24,20,1775.66
7426027267770173,12255.75,17163.54,21,226.25
2888893347600825,16668.94,16381.27,99,1089.54
1829251870999819,7608.37,10815.88,97,75.88
6855989035237158,13882.31,14204.86,29,2907.09
4286997365382530,11748.91,6287.0,24,529.27
2790486602384996,6073.54,9423.36,27,4365.1
4182471972383671,17693.97,16432.74,64,2615.72
5904166603080378,16151.09,9185.3,44,3498.45
4492534160683009,13510.58,7155.97,67,2054.29
5383209164486875,17161.05,9884.25,6,2802.9
4859513588712278,17478.59,16564.99,48,4713.3
7016408850175711,14458.9,6704.16,8,413.67
2157651029612928,16903.25,3475.23,35,1269.69
6609238802118269,14251.96,14240.28,82,3899.94
7707577260561460,13922.67,16519.56,0,493.69
4596139385449177,12753.62,2012.75,9,378.31
6513636576126661,15301.62,4797.48,35,1807.71
7568068398119158,4013.5,2839.44,72,460.84
5806253435080118,17736.54,6958.83,45,2925.39
8178481077169335,17565.03,9007.02,31,1131.38
7140197955580304,1555.7,14976.53,31,4478.49
4486546231202085,16690.52,13022.95,5,3917.5
2980321245798212,3448.53,12418.57,47,3498.53
9667948306767457,7367.26,7047.5,37,3084.72
5222972472155093,15126.66,16828.95,16,4317.33
3400830095470078,4054.44,9425.74,73,1115.31
9227575925069967,16541.37,19582.1,26,4365.54
7300614591343816,16810.55,12682.84,53,3947.46
9625099671949498,10641.89,2525.29,49,3740.8
9916239130872271,1121.33,13523.55,34,2806.28
5571068660279042,6453.72,6502.08,84,1231.22
2339837922806523,12721.61,13726.54,24,2117.74
6871092390541219,19642.54,1392.82,27,3967.85
9753842188313945,13004.46,3497.63,14,158.89
7904670211241470,5936.27,17114.75,3,3910.25
8776374794366099,13046.11,4543.59,92,1200.35
3827252829980358,11259.72,16740.82,72,721.55
1922713338552808,15817.06,5585.52,26,578.51
1364627251120039,3032.63,12857.64,25,136.25
1306211917093414,15459.53,13883.01,18,2617.93
4810159280532327,11284.06,10253.1,91,1091.3
6790580889749258,19296.85,6106.21,16,4947.16
5538628243398584,7495.57,4252.89,42,2872.18
4546853610469297,13019.82,663.79,40,689.43
7958356151162270,18708.53,6078.93,41,3443.81
8124688012504361,2947.68,13063.26,49,4488.72
3381964074172678,18807.34,18766.1,83,3725.9
6830689438685327,14069.83,17424.09,39,382.2
7044401888354927,2288.9,15321.3,38,4479.42
1461762742861811,6718.31,15768.95,22,3969.65
7524756522546032,14455.27,13299.7,95,791.52
3823554433973120,2279.66,5205.74,51,258.93
7075007753369853,12061.24,18143.9,46,2786.55
5484407816376772,7571.78,13414.65,62,780.18
1505933758493855,12797.39,11208.81,96,4172.95
6330407412145142,1869.1,2219.79,68,1791.67
3999503278054632,17559.2,8941.11,42,4564.46
2632099170428562,19496.29,9207.17,47,2828.44
7820476126939343,19408.68,17291.27,33,913.36
3538234860540307,15243.38,10932.96,39,697.99
7782437997533237,3471.64,7608.01,74,2882.36
2667374541760160,15407.0,19536.01,60,3809.42
8933628589175411,1467.15,2214.41,49,3907.53
3870047194596976,1420.35,8450.97,66,1378.79
1140496048231843,7148.59,840.49,61,1021.23
3152455798444135,10284.22,14798.08,57,83.78
9707391556673789,15637.74,18361.53,32,3396.0
8526029842050159,13982.61,5600.75,74,382.84
8329335663695320,9472.15,17166.83,15,2103.81
8670618204014744,6198.91,5844.36,81,3008.41
4297831728122769,19945.37,18215.4,93,4685.54
4016507167363949,9097.44,15079.24,47,1559.01
8267022326017729,9576.35,16098.14,9,1248.86
1012324187139234,4108.85,360.13,81,3270.8
2951426957067196,16101.38,19256.21,37,3096.2
3734108216750051,14179.96,14533.42,18,1660.55
5891314992748099,5194.62,6095.02,35,4640.51
8981494466236813,2565.24,16587.89,58,4224.31
4770312039027503,13929.49,5630.42,62,1119.91
8335475003057655,13435.71,17455.08,76,1195.71
5036855842600327,6191.93,2251.61,45,2561.5
2887340575294658,19066.41,14073.72,2,3867.86
8126554658017919,3870.1,10813.97,73,220.2
9070555117021871,9214.36,1930.69,64,3466.68
8619390132560826,18928.7,4837.88,90,3241.18
1738264661537237,8974.82,248.08,7,1157.4
2211070184047637,13131.99,9375.36,50,3406.77
7222057230681757,8554.29,6025.31,80,4700.92
7535660233603301,6210.09,11967.15,72,233.93
1577709551591986,19695.58,5944.76,5,1598.26
9208635582093063,8777.35,5998.38,88,2190.88
6151325510989850,17987.88,14863.86,38,4496.3
7967473544805652,5369.14,962.86,59,4811.31
4609823998738016,5048.99,18057.9,27,2220.58
5496021883100014,1591.55,17045.28,96,3750.14
7091018956576224,13381.67,13356.09,53,2658.31
8724911987354619,8002.0,11864.43,36,2688.91
6241631771665199,17422.81,17846.05,8,1390.5
1196342591708675,9990.99,3706.6,81,1084.78
8197552445224127,19395.68,1579.38,55,1440.03
9352096670293503,4524.98,4790.2,58,2781.64
7509181827472555,17503.84,15891.57,84,145.78
1533106244077725,15755.34,693.41,1,4536.24
6816263092814893,15647.52,11656.14,60,781.42
6785032684513797,17050.88,19908.75,57,1100.44
1765684211154811,15459.46,17113.92,59,2591.38
6900979920471076,12898.19,10428.91,39,3550.57
2769214413901148,3493.65,1272.82,35,478.65
9296848397828397,1618.0,16627.47,36,1588.47
7386739086213726,18496.11,11979.57,78,4843.37
5446850140013243,12716.36,2298.66,91,1311.71
9677208651064435,16134.21,1877.15,17,1565.25
1282292333455612,10148.92,18192.54,97,4182.49
7126290631363487,3228.86,13384.01,62,251.07
2152108950373536,3378.53,16585.74,21,2323.07
1506872649698626,14025.74,17579.58,10,1898.08
2091262596278289,9175.81,11435.45,57,1582.93
3963288611258345,4809.97,10348.93,56,1428.5
3206577433926197,10340.3,8608.55,76,456.87
5224572481443138,2219.97,6338.93,3,1574.13
5371001404476077,12057.46,8691.92,85,215.26
1157329844318833,6110.87,15477.59,6,3904.82
5817096467812270,16153.62,12038.47,60,1991.14
6677145146803862,6896.88,17850.47,53,2219.52
9034961484471934,9649.18,8867.6,87,4467.97
5856106041485801,1220.79,12141.79,67,3290.27
8746614853808089,2376.49,12626.15,91,40.3
1847795829501031,8457.38,11833.94,78,4715.87
5397634781027720,10118.84,14052.68,0,1185.72
7191533409382645,12400.39,4748.67,54,538.07
3142602644528166,6541.59,10247.28,2,3840.64
3486941956708009,14204.66,2084.5,77,2502.39
6148971806147097,17342.33,7690.23,37,2168.85
2010873193121585,15817.17,9753.34,0,1247.52
7882498739710359,1752.76,13044.49,37,2737.36
3852185052502843,10129.63,19010.62,84,1371.92
3064852794461062,2993.67,12013.02,28,4507.92
1949121749725219,5598.86,14871.88,4,1076.02
9183305102684179,19746.59,10125.32,73,4421.78
2136070694088455,3707.42,12682.08,91,2797.03
6658084245741549,10478.87,1418.64,20,4142.44
8056180513811085,12744.96,5087.83,70,3564.23
7583651801847666,14346.83,7237.06,66,3483.48
2928363125105806,11633.32,9449.87,46,1621.73
2746417793138017,1185.65,912.97,83,1169.48
5278480799782687,7202.76,2800.48,82,1054.43
3861851264804798,10836.52,5536.29,34,4285.96
6492427062366258,2669.46,19430.65,67,4102.13
5906674384064185,7661.91,6626.94,68,2202.87
4028325527841981,1630.86,9640.82,0,662.02
8534389852657813,2492.99,3921.95,67,1911.26
1238842531772985,8541.54,12215.6,11,3096.72
5184007890729264,3521.6,5613.66,59,2272.02
5405412546810537,11783.28,4139.85,26,3900.95
7178453491732238,14099.83,10331.45,55,4988.11
7038747799763946,16211.15,110.12,22,955.66
2981025003465316,4802.85,153.28,24,2298.25
5991648906819847,4182.17,4381.38,20,2154.92
9528036689598011,2986.79,734.43,60,1522.46
1013108090945131,13092.17,2160.52,62,990.48
7122099887264870,14423.04,6777.21,51,328.46
8130074529583877,1600.14,16051.71,87,4435.6
8603587597394911,18788.03,11440.97,24,2099.24
2930138594737501,1987.45,10253.35,54,2484.48
2988117595896674,11284.63,5869.78,45,4584.71
5111306498710439,14472.15,18635.07,31,3881.45
1315779450641039,17548.41,7940.3,54,652.51
5909375121756529,14567.65,1741.86,95,2827.1
4450798838101097,16232.83,12341.33,4,2211.26
4736814997431954,7449.55,2276.77,35,3986.06
5875854745772151,16481.68,6904.46,48,3621.16
6984909939914514,2522.18,10148.24,57,3452.03
1121340316718137,18001.52,17484.45,38,1702.72
7112967900292441,11404.26,9870.93,79,4024.82
9271506508381657,16528.66,14045.18,96,261.96
5539282563012413,9594.05,19856.34,84,798.12
1786247142737022,13227.98,2629.78,60,1678.12
4199066397837195,11001.65,5494.63,8,384.04
5824605733013120,14900.2,7891.52,5,1174.97
9167421115069049,2550.97,8436.56,34,4150.75
4450269387849454,2146.69,8220.42,38,4741.26
5480652646986847,5694.96,18152.22,21,1523.01
8351872017405045,4031.35,14280.65,40,1322.58
5435632555314776,17563.89,12158.1,4,1399.46
1758559663119596,5165.07,6187.45,41,1388.6
3743782468858752,19541.44,16475.81,86,179.65
6080909875655868,7401.02,19101.21,80,4634.58
2917439431963327,4460.24,16423.97,75,1068.49
3856249612321348,16004.27,31.3,86,2100.02
8242576421968732,13515.45,12728.03,79,48.43
4070893231644610,10465.72,1022.71,66,4289.78
4180112181186713,11551.91,5152.14,29,3655.79
1288686908181938,14664.83,1190.49,56,4733.78
1620004815084629,5340.64,12075.91,85,3908.08
5304280253459740,19930.34,13731.8,72,1568.53
7456113629242587,19521.07,2289.75,28,1239.37
2922238787529774,13356.19,7676.78,36,3488.58
4716281919916125,4791.31,9124.73,86,1820.56
9856488764322749,13924.34,7381.06,12,2831.08
1822379616039364,2371.77,2420.5,31,31.29
1972840231021455,1582.4,8378.96,45,309.43
4281877983812057,5895.97,15023.56,22,2676.84
8469737572424020,9789.84,1420.15,44,2830.36
7036483532613219,17497.18,1603.6,16,3757.26
7461969271151869,14816.21,7095.43,84,659.83
5757439280288100,15111.42,18834.51,65,2565.92
2240343811823353,9084.37,13371.45,5,972.24
3350798591440629,7572.76,13573.4,17,465.98
7050908353690723,8049.74,7238.4,93,2052.48
8049111900122291,19765.34,11873.22,21,816.68
2861327222669193,1762.07,202.62,32,1108.91
7855428943490706,17473.6,12721.92,29,1587.77
4810604511143519,11994.83,18265.74,80,1296.94
1821337502557175,9333.69,12251.47,31,437.96
1040976925605868,14779.9,17473.97,41,449.58
7212256226896911,10246.71,14479.46,77,966.25
5726903326040399,17595.04,2411.17,9,252.8
7076961872574721,18113.34,18049.07,35,3132.29
3658554121076699,9012.7,1328.88,33,1436.63
7020374356252831,6259.73,10679.35,72,1398.73
6328073579496275,12254.66,2842.74,27,1659.99
6144166843213707,18334.9,234.13,10,3313.98
9755074252156578,5002.58,8440.69,77,4353.17
5091811599836704,12836.37,5900.81,38,3795.43
5520782980649916,12999.64,9720.01,46,3637.65
4811675330669994,14929.15,11544.0,18,2421.96
2080152603596043,3499.79,874.78,14,3469.03
7649033804709440,14600.67,2460.07,27,2763.81
5668116852782247,18271.62,11172.85,23,1081.25
2424181978285098,4413.98,6863.35,71,1042.94
9829264231289116,5513.32,14583.47,8,1481.96
1467894658879499,19456.51,13045.83,46,4554.01
4543031811935533,4438.56,16912.09,32,2737.07
3866981031738620,17233.32,13849.86,61,3669.53
4775665455620849,10353.28,8598.62,96,1732.79
8186555473521366,5697.39,13459.33,18,2038.58
8154868575629401,17544.25,5507.62,66,627.83
3360683184872028,9460.8,6126.27,73,856.47
3743941568805833,10781.53,15779.7,39,4136.78
6953139667839997,7825.43,8928.39,46,2924.19
1283267097747570,12266.07,15967.61,64,1687.66
3148894527737734,4106.95,16448.45,28,4014.26
1014034634097465,8430.55,17151.25,49,1232.6
9266078374106737,19418.83,18332.7,97,4880.16
1675018262981706,5904.54,8619.7,12,1724.09
1564719648251255,13478.0,6377.34,0,1686.55
4832499897533144,7178.61,11643.97,33,1559.56
5764273938226172,15695.99,7423.45,92,610.56
6465640295457443,3486.6,12021.48,47,555.69
4568505461446500,19426.6,14111.72,76,3240.53
3332925597748119,9622.0,13768.1,47,4375.59
4580832672369378,5484.96,7491.06,48,3952.6
5994740870005858,2396.44,3337.2,63,705.54
1369363440911907,4225.4,8610.59,60,2727.91
9043826279158768,10875.71,2851.88,28,527.96
1844315754399839,7403.06,17801.94,38,226.47
9697789240007318,16748.78,6917.55,87,3281.93
2720450347859679,9186.86,3089.19,25,2675.76
1264038434254603,5725.57,508.96,16,410.12
6222064676556470,12725.75,12916.45,70,174.7
8061118391068950,14428.77,12738.05,12,4948.78
3736513666059106,4173.8,6812.08,68,150.11
2780557624301341,4184.77,1434.24,25,2222.64
4858257316261744,1696.76,8192.58,48,2523.1
7817236217930323,14991.64,6224.35,66,586.4
6268238623441624,13612.29,13542.41,6,845.31
5157619815174540,10017.99,12115.58,57,1759.03
1284473293315090,17039.24,7291.87,48,3808.38
1766016236893795,16307.73,4357.85,52,2535.41
2760919233427900,12121.73,19760.72,64,3189.51
3002111233417106,17497.15,9080.03,61,4925.87
9602902622572808,4910.98,13765.48,16,3840.03
9595736907278107,3126.47,2811.06,42,2171.81
7547375606778590,6125.24,9711.79,24,2232.21
8597073369562675,2084.65,550.73,2,3093.86
4610050978835961,11092.22,10109.1,78,3326.83
1023562548289679,18795.51,19280.35,28,2503.55
4750932772416580,1747.53,7684.13,31,3224.31
5464440703029643,3320.09,779.92,25,117.66
1945685457238963,9591.78,619.12,15,2148.11
3862553666770388,18743.63,7759.74,24,1394.69
8773426718199348,7006.97,3200.5,53,645.87
2386032251733135,10637.46,467.04,27,497.73
2242689144882214,1789.88,15124.27,72,3015.96
8116507109744308,3818.52,9170.46,55,2618.0
6159088835548345,19745.97,5784.9,64,1267.92
8929295589955981,19337.26,18001.66,92,2354.75
4919613164098169,1093.86,2322.78,85,2461.16
3291952333511842,19084.42,19118.38,79,975.04
1163649188602588,13143.28,6279.33,40,3260.47
7070312239193930,17490.45,17768.07,50,3904.6
7784613673964270,9640.06,12058.86,70,3957.32
8628736751123464,10796.32,16534.15,77,3012.35
6168021777892281,10288.09,19680.26,28,2558.19
1996071063624592,13670.42,5768.11,82,305.04
1893889374760165,3653.37,19222.71,18,1439.16
3258424483304621,1569.5,7789.64,65,466.36
6267262948426919,6850.67,7710.24,40,4819.12
1167853320500616,14388.93,6807.74,44,675.4
2525786667604762,4835.22,10828.15,14,758.88
4459583901689025,13795.22,3082.9,2,4447.88
6425009756035100,19428.33,11074.23,10,4719.64
7734114584843685,2784.11,10834.1,52,3829.15
6745302939135623,13779.44,15238.04,45,27.02
5562903947978092,9431.25,16673.0,29,6.73
1676478310106453,17494.7,8808.83,56,1890.5
6526090623182480,4365.85,6046.66,17,716.98
9692734237777222,14159.89,5186.7,50,91.93
3974009696585004,16924.19,3892.48,47,2320.33
9273289632278307,18947.67,1152.95,65,4715.31
6220780603038971,13981.71,6848.96,95,1619.1
1085343068915474,10446.32,5404.95,7,3305.7
6376321425492843,12739.1,19328.35,21,3261.18
6511532695808166,17509.19,11154.18,5,1255.4
8265960451662537,11841.59,6945.54,75,3252.13
2925628530748946,1577.35,11609.35,56,1061.67
7597234841369725,18688.03,2783.93,35,610.04
9072349172715692,14101.01,8880.87,78,3506.92
3272194058736369,13853.75,12524.69,91,567.2
8358874865372797,5097.83,9777.96,56,4984.55
3784211437123219,13518.82,8035.58,48,917.26
4054287683248583,8483.42,19876.97,44,2970.71
7248785812546430,13373.43,17606.3,81,2056.87
6248418872338342,3025.27,12468.12,65,631.93
9105602645006722,13499.06,11387.55,76,139.22
7658420099594587,19988.86,12413.21,44,3113.66
5768295885799928,1916.03,4026.24,78,4033.79
7619878094767611,19566.31,7902.75,19,4210.08
2246228066622872,8731.25,789.19,63,2413.57
9025573863670688,17544.32,9510.92,92,3887.28
9325113077544052,15865.32,10860.49,92,3364.24
7122655419140153,11773.31,4554.99,66,3621.27
9037618882687660,15030.53,19280.58,82,2463.0
3808837985163436,17691.8,18189.09,2,3167.06
4526392874242862,8678.67,14442.86,53,4027.63
1550391655452751,7213.63,10667.73,77,1989.42
7592078691003604,13684.27,17399.38,63,4029.89
6331303902423803,16349.07,2613.05,39,2960.08
2219239222703779,15483.42,15810.2,58,829.51
3644199602550418,16158.46,2496.42,54,123.42
2185355463110072,9276.08,15884.21,61,1813.77
3741705972193326,16538.85,5515.35,3,2733.48
1075764154289456,3283.97,17541.81,59,4199.1
9046283191481486,11345.29,18880.84,74,637.43
9107382113488384,1109.41,2975.92,94,4001.03
3152245465034293,7167.13,9253.51,95,4315.05
7086301021048066,7962.77,19619.75,90,753.44
6148530787394006,8527.28,9668.15,29,4257.97
1668197763029962,14213.88,17270.95,1,4957.27
4716400664118601,8382.6,11774.63,61,3634.19
4987787188546319,9525.18,7506.6,48,3923.85
3343915671740773,5513.34,5715.67,8,4972.08
2666632452955543,8091.78,4064.46,91,3027.41
1284341161546100,5318.12,15235.96,30,1539.43
1690524095784057,2390.72,7730.81,97,4187.65
3451205038529187,12465.52,10225.51,60,3072.43
6893766244568711,13696.04,9846.51,78,2905.98
6993133925571899,12770.32,11545.58,47,1268.18
3951850560356891,9806.39,17311.54,24,3781.67
2806340238316388,8215.93,19614.79,35,408.34
6049130309915363,17403.34,8151.68,7,4621.44
7841983633430426,10862.55,16550.38,72,1629.12
8522811451399102,10104.46,15290.56,57,638.87
9334917815407816,1487.2,11470.58,44,2211.83
9219538378512372,7483.71,19120.94,61,212.35
6874499942607308,8223.72,4009.49,38,3423.13
3967424133331695,8577.63,2185.28,95,4513.53
1355812842695564,12023.28,17079.24,57,4186.32
6214077739720226,11138.45,8783.0,80,636.85
6010461347459461,12550.2,16939.38,98,631.36
2713388797877106,15532.78,17861.8,82,4067.17
3464003758953156,16446.73,1249.15,63,4621.27
3470804143941528,14644.34,17669.3,43,2303.35
6059682283487241,19154.95,8966.38,28,2494.86
3053028197491485,1346.42,10208.65,58,1591.31
7294642013560058,4719.78,12531.85,70,4471.33
6474932959122436,1143.69,18527.65,91,3224.51
9979852242776437,13302.02,382.32,8,1441.26
1119024196880529,18062.58,9536.87,91,1493.91
9480395682886894,5626.16,13754.44,5,4456.0
1484542648547082,18613.66,14454.14,28,68.17
8022944763272473,2145.08,13850.65,57,1613.63
1580810115314904,18754.28,2688.7,16,2771.78
4464929772575546,7680.83,5987.91,15,741.09
6940775438209712,2927.0,7174.31,86,460.49
9081187398635424,10231.56,16088.74,94,4076.38
8958681931819112,5878.75,5575.2,2,4472.02
5957019899699710,6412.59,4214.1,20,4118.03
9445898627482004,6838.51,19148.96,63,4493.94
5116498843614006,16257.49,177.27,89,2765.56
9569618072613339,11244.06,19956.42,35,4061.29
8397310368246468,6914.85,13536.43,85,1920.21
4799219621734020,12596.34,16569.39,61,3331.34
2010888899640066,14606.86,5892.39,41,4944.18
5720979025353750,6179.86,286.31,75,1128.64
8982337277234740,8857.43,14757.39,41,1949.5
8928186462540489,3315.84,16682.89,60,2400.24
1701253818175570,4441.84,14809.52,12,690.08
6124343696178260,13941.24,2857.01,10,405.19
7434673638889928,4447.33,15068.56,53,4148.61
5670095114536960,10978.1,15378.46,15,4883.97
9075029322715820,14471.88,13170.81,7,2023.63
5014094504746755,3030.66,15322.32,58,438.25
3346073822794176,11778.93,16918.43,56,329.06
6791612031119847,5874.69,12272.08,39,4456.59
9346526111852577,19295.61,1772.09,58,2319.07
5659022762850398,10187.37,9752.56,1,1600.14
6097640944330278,16313.86,1552.99,93,2382.31
4439931641282809,11454.3,8150.86,93,1591.52
6315732743713205,1824.84,8142.13,75,2445.18
7377673522987778,13029.88,1320.2,9,4297.78
3655845888982321,19076.66,6976.41,43,2961.51
3411279750703040,12430.62,2219.96,10,3473.27
3749010860122347,16564.59,16164.7,78,1823.35
8214463105231837,17799.92,18953.76,79,3692.53
4482006402142970,5333.52,1446.33,80,3333.09
3998611260955024,5028.85,19102.3,89,597.81
5172025918933758,12608.64,10451.53,1,2863.21
9529111071341462,8809.54,5991.31,49,1283.72
5693603760735460,16957.36,1537.24,11,4020.48
4548487546122125,18100.44,10012.49,89,2129.69
9605060629489738,7715.01,15890.31,22,4973.42
2356466220230758,5500.54,14141.73,17,462.5
3601056320421567,15829.98,1004.52,61,3901.74
8092932247001825,6221.31,1458.04,95,3368.51
1029848339457329,16629.67,8057.47,61,3837.49
2363813764636497,9051.03,5905.81,37,1537.65
3844563518022990,13683.45,4647.69,66,2460.27
9544691797354930,2815.17,5620.09,37,3982.54
7458250953566177,12853.33,16069.65,66,1162.71
3046412533887224,9583.59,18584.56,93,1130.17
6858908559039968,12145.56,8102.05,60,2755.25
9298941583238478,4192.27,18122.22,0,2617.82
2077501200110109,15000.6,6429.91,93,1411.31
1302324996820073,17393.14,9528.74,44,1490.38
2088734256212048,5118.06,4520.58,95,1389.23
6568497239560988,2818.58,12809.52,27,3857.56
2859838776164489,1449.13,19579.62,20,3259.5
6867783641582992,13197.46,12069.86,12,4162.09
8693599694637840,12534.79,7156.28,26,4877.37
8967040064509779,11387.25,12956.35,99,2370.82
3792583637864516,5406.99,2458.41,6,333.47
1961117562937093,8427.21,17773.18,21,240.46
8943096829482433,12295.05,10061.68,73,1478.33
3551744047978621,10438.57,8986.99,52,4662.72
2845988023332906,19767.92,11717.3,78,2616.07
8369954893541322,3592.36,12495.68,78,1358.93
4315519491545198,14207.75,1435.52,3,1995.83
9517884196839062,8682.06,13652.34,95,2992.98
3142632846506831,9135.79,4838.63,22,3264.75
1871218655401930,14634.36,14279.05,69,769.6
3864733297989519,14156.29,16450.7,87,4885.16
5606984558535555,19833.86,16079.17,83,2723.86
5417183581858691,3439.49,11050.02,83,678.44
9346081001906456,2978.08,10403.4,75,4468.18
6608346280478559,14762.44,2857.52,32,373.19
7065741575389850,11989.35,15506.92,27,4538.68
2425366386066079,6209.05,5428.19,7,4982.83
9206418072596540,2508.97,9933.91,0,3502.16
8277088605088818,2627.51,5685.48,36,3852.24
7295334663806740,17989.63,2676.57,62,1686.51
9818101916751313,4645.48,12591.15,21,4707.88
5981180008862377,7144.06,1086.64,69,2648.57
5661087624780309,5306.47,14972.9,20,3661.94
6969886639070021,7744.93,6351.74,95,4620.54
1560753225497220,2319.05,2.69,34,4875.9
7079098239730187,10862.14,10222.58,78,4166.02
6147200022342701,2284.64,937.04,4,1515.09
1222243635701680,16206.77,5523.39,59,4832.74
9994337245456089,5440.53,14139.53,45,3140.6
9364175312240538,11260.23,1253.79,49,4653.21
5605064331156249,17721.5,16786.77,47,3380.53
2733897543768110,13366.67,76.4,5,1536.19
9466757883963605,11126.2,4936.48,88,1850.12
4985654538826807,7162.34,14818.08,55,2752.36
1801944082821226,7327.04,6325.4,58,3950.07
9526980581806127,13720.25,2037.85,28,1589.91
1789707057926480,19888.65,7204.68,70,2898.66
1409129429039907,13574.94,5407.87,76,1728.12
1902699409401863,11597.88,16854.24,17,4078.85
4925740112787298,14882.36,6266.96,1,2333.64
9097890194642611,9838.91,15778.65,7,383.61
7732097253146926,2142.7,17837.44,74,830.26
7547037366386743,11683.64,8676.35,96,305.52
3729903702286861,19194.88,18198.86,53,2496.51
2673292457734171,4330.76,7546.36,37,531.69
5820080869312589,14110.09,19281.57,47,570.7
3441842326224257,4817.74,1785.79,26,4705.24
8390281774504601,11180.73,13740.39,19,4363.28
2145747585252026,2836.85,9876.28,11,2260.43
9924972677591922,9557.05,7752.98,42,4929.03
9466268255032322,15367.1,12654.24,60,0.93
4455141607719830,7603.86,14077.14,30,3069.9
9245159311890794,13633.32,87.27,90,3082.14
7921348518315515,16113.55,3339.06,95,2287.22
5397964336418065,18616.38,14260.92,60,1984.74
3706969083861797,5458.2,13327.71,73,2276.92
8207171576858482,8587.0,19320.95,66,2074.8
6220541788632255,3895.9,15220.76,90,3652.46
4694190437766774,19857.19,19015.45,34,676.78
7106568104486939,18613.02,14050.81,94,988.2
1953042780292134,11259.19,5961.04,14,902.59
6567621256234256,16998.63,2107.3,15,1312.35
1410006551140437,10898.2,15636.48,12,2626.29
7436375864524925,12848.13,12882.98,34,556.04
3457594173329944,2693.36,963.72,74,4340.85
8204620133338636,15350.14,7201.01,58,1486.81
7100998784686104,3426.56,19136.0,20,812.69
8219682635947401,16695.28,10008.02,53,3378.11
3005795463577832,15858.53,8654.58,74,190.43
8292427031667857,14466.15,9153.99,29,3099.84
1114824164808931,1687.05,4177.65,47,3490.99
9954898307638741,6759.44,7374.14,34,1074.58
8661541151748718,5999.14,7396.27,85,209.82
6945091955306407,7842.59,1047.1,37,1818.23
1349028646673131,2665.21,15351.35,30,492.97
3562215906852393,18802.2,8330.09,77,582.39
2558730980387428,11522.24,16443.6,23,1271.31
6337054780017331,6804.96,17006.96,48,1477.34
8552655354805567,8542.65,4239.88,95,2649.85
9592551276572090,9496.85,13147.07,99,3391.96
3576943862851898,12411.29,9445.64,31,2963.85
4451832274892741,10797.91,17603.13,54,741.8
6645875959721336,18468.45,4314.81,78,860.43
8570275028551092,10442.31,13556.26,57,4393.85
5057838824417556,19851.0,12155.04,98,2791.76
1500025956763205,17177.07,5906.03,2,4349.69
7498072865610351,4961.7,2732.02,79,1857.73
1679514725100893,18681.31,13032.8,68,3072.0
1804061204958653,3210.96,14771.95,84,2618.32
8880465290439005,16531.54,6312.55,9,1595.62
1622727547276951,8231.84,12896.65,82,2349.58
6184432870909064,17681.51,7902.62,24,2512.45
3870782132222850,17493.08,14264.14,67,1003.85
2795442436966942,16312.58,3984.31,60,1575.05
5437799426855140,16010.58,17804.3,28,3957.05
9209108420010903,6788.9,5748.19,18,4578.94
5104334728511493,2537.47,7355.72,42,1798.97
8280148134273491,8656.62,1161.84,65,1534.86
5282442816581706,4296.97,2230.24,73,975.99
6031378116368206,14204.07,10317.24,60,3392.46
4274921046048885,7575.89,5351.85,42,1615.5
2666243260167773,19536.59,16709.6,24,4938.75
9807052588595173,13178.47,293.87,19,1628.42
4434542843296317,16627.13,7581.88,47,1970.68
4260845336088769,3517.97,6746.91,82,3016.67
3255435653982922,17378.28,386.55,86,4008.42
6969830494845977,18532.39,2487.37,23,2347.59
4577479431018668,10254.18,8272.85,10,2113.28
9300398842476164,12518.81,9857.29,97,4978.19
1590738254362009,15531.39,8085.79,54,52.47
9062124819544899,4321.93,10618.75,27,4475.33
3646602654343891,10548.76,11902.63,68,745.7
6278621048156691,8574.6,198.48,62,3929.63
5099462660331659,3781.11,9281.9,58,3089.66
2673657303500800,7983.15,19269.98,4,1709.24
5952585921180301,2295.27,10380.65,50,4369.37
2039309446096421,1490.43,13550.85,20,64.54
4385553094444925,3568.16,6237.28,11,1133.45
2214457545522686,19299.19,15479.83,49,2834.46
4377026787810124,11441.06,15458.43,3,1757.71
7693734851328258,19350.62,10425.92,41,3051.89
2212350594409349,9217.46,19520.28,83,120.55
4292699973838839,6924.51,2511.0,37,582.29
3533315801334020,10616.7,338.95,24,635.48
8133178532079241,9350.72,15403.16,13,946.42
4950181072804737,3007.63,16143.11,74,2296.66
2627331688928423,13175.7,2404.14,31,3760.64
6610262753085011,5104.73,5311.66,10,4527.69
5540158985241918,12772.17,351.05,60,4176.86
7463358856440136,13353.82,5866.17,17,984.44
9526781894085384,3888.47,15462.84,26,2205.75
8819496800742286,2165.64,10359.21,54,997.06
8097998700543525,15834.47,6961.91,53,1322.36
5054959345012130,9736.21,7434.79,81,2517.73
5343470819943518,2105.11,27.07,86,340.55
7086006672016964,19902.46,5996.01,74,1090.87
1977731034034107,2097.83,12929.17,20,4676.89
4378710792415153,14205.67,19483.89,43,2330.58
6050391625795444,19689.9,16941.22,4,2226.93
8355148635311562,5544.42,471.9,86,72.84
7496499692928929,3702.74,17971.21,40,1237.0
2489062495330274,3306.31,15663.97,58,4331.46
2660412565899776,6762.23,15607.52,88,823.14
8341609741618495,2919.87,9159.92,53,2075.62
5692256272412219,14151.07,7960.11,73,71.65
1588512660378972,2183.54,6058.31,21,2391.68
3286193172803338,10679.02,1313.9,82,105.11
7372119782941924,19937.24,4564.71,64,4098.05
9401427616397115,16465.44,4932.07,63,4124.27
2507558539650338,12689.17,9681.54,70,3938.71
4750245984386212,6818.82,14948.89,3,1416.82
3243021912820562,12854.02,9476.2,64,4186.19
3917531056472141,11013.79,1156.89,14,2714.99
3143609191787069,9095.58,19155.8,75,1869.04
8969824276890200,3483.5,18854.49,21,3126.65
5563989394310185,17845.48,15703.79,85,61.71
7553470192052625,9545.91,19826.56,46,714.8
4563686630451015,4697.83,10889.65,80,3711.47
4137072948474471,7987.43,19255.37,92,1220.81
9846730255702815,8868.47,1512.1,45,2990.05
6117894300343932,16723.22,7313.61,13,1925.51
2998523615614816,14938.67,4507.63,49,4274.03
1936880280539710,15616.79,3916.66,19,4762.08
6146326783632352,1209.59,2816.06,49,4417.82
6148567802546320,8906.93,12448.27,32,1353.1
3960849056050158,10145.54,15626.44,58,970.81
2884522264645569,1364.65,11565.97,42,2372.17
2767795940258612,5936.45,2939.25,78,36.67
5097223690381415,15445.51,16222.48,11,129.05
4957909184064550,3605.08,12719.09,39,2766.45
4667637636210885,11170.89,7763.31,19,2602.25
7991267589483074,5088.84,13482.61,93,4972.91
5918694174344370,1230.29,5198.1,37,1009.21
8986610630523433,5582.83,6903.84,2,1290.52
3064604380192243,19541.6,18349.72,27,567.7
2473409484445294,16229.21,5810.09,55,4587.72
9187635723146528,19231.96,9399.77,89,3889.06
5758633674990045,10269.23,17802.82,93,4111.7
7233022210376602,3084.99,14154.43,12,4513.82
1424016341420188,11411.23,1244.06,76,2624.5
6675841167916472,9633.17,2946.06,65,2255.97
4663988097068028,17042.78,156.83,36,1651.96
9158259362954650,2863.57,12618.44,48,2946.07
6422474135341344,10276.58,8953.47,65,2271.39
7074789737072835,3850.92,2685.5,35,2257.83
2207631906400065,7168.84,19158.68,53,4684.64
5642178868810244,15009.78,10593.19,25,4920.16
6548662900901705,10044.34,4837.87,74,3982.42
6254978828022901,8141.88,10012.07,71,3783.79
9421320775096204,8495.05,13592.41,39,3402.79
6168384882406190,9729.49,1524.78,42,830.37
5812439803524972,15915.31,5494.08,21,295.53
1871739221146547,17949.61,16139.31,19,3453.63
6804010507728910,19151.36,9193.3,7,3643.93
8754428332658311,15951.16,10931.54,28,234.86
1278195710586012,6992.73,8656.32,39,4640.26
5565371603470659,14074.56,878.0,89,455.7
2560532437569196,9314.46,3315.0,29,1429.5
6718014567628186,5838.74,8910.83,80,3361.95
1633724994816626,16976.56,4183.71,83,849.36
2859216461866915,1730.1,999.58,54,277.08
5500454492308249,18133.48,16872.99,15,1655.73
7165144658378010,9768.07,19623.85,45,3829.86
9875553468257939,13106.83,15862.86,61,2068.39
9215597951610109,13527.72,17075.7,6,3264.86
5564387770641255,18007.24,4839.54,79,2898.1
8083213796387973,13096.72,19212.54,44,111.09
9500081400535062,12664.74,3938.51,58,4942.7
2692347200291161,2266.39,19028.6,55,207.14
1326750868169066,10849.75,19896.39,47,4839.01
1573446474901721,3853.21,14234.46,26,2749.32
6392606915534439,15011.24,19622.87,52,4815.8
1540672390966481,10732.22,11390.8,86,573.77
3326395905260512,13924.33,5190.84,87,2452.04
1807517099746919,1791.79,8739.92,72,847.52
1988716903197354,2611.05,11871.22,34,254.87
9811258990730219,14610.14,1461.63,50,3087.65
4537558054321135,2369.6,12446.87,83,1038.92
7673227225169028,2353.88,19623.56,36,2938.49
3510696246202148,1230.06,3802.15,80,561.82
4825508693311614,19173.53,15851.9,94,1659.93
4602454376639472,15012.66,18157.98,56,3908.16
3148838170885918,7711.78,18874.03,7,2185.26
5975810102744968,6634.18,19202.71,78,3138.73
6581074110042162,7644.36,10429.19,94,3237.29
3141969357729229,15718.42,19546.16,93,4218.78
6256936205782312,13566.04,15146.2,19,1624.61
6082861482982154,4518.72,3233.43,52,3436.48
3873668655941376,4308.08,9538.0,11,4808.08
9210247611340388,2869.52,14366.62,48,3651.22
9599916806901081,13545.75,4946.81,16,2449.35
1570015974865315,15523.08,12812.3,63,3153.59
3784744427604950,6035.88,13332.01,41,3698.41
8964004664708096,1397.95,3253.99,93,3061.38
5933776299446197,2561.26,11301.71,28,83.38
6227311183337842,19389.34,15432.54,18,973.87
9395491148494734,6613.45,9977.91,10,4052.34
2419007284096430,15615.24,242.06,97,1363.25
2367555143312692,12868.61,180.77,49,3657.81
5359049091014857,8256.85,7140.59,70,1860.6
3196496903346488,4908.06,18523.88,57,2609.42
5380955134230169,3306.34,4573.54,33,339.87
1056797138296610,12685.25,12687.27,19,906.13
5048669881727219,15718.04,4441.52,49,4785.98
6279961624577625,13234.18,6433.4,87,4450.69
8784864116317989,11075.74,16960.84,9,3261.38
3851589701771142,1797.07,14577.23,31,2298.22
6045459061580250,19401.29,1907.99,51,3378.81
4625785271245146,16175.57,8574.04,14,3093.05
2282101798902399,6563.62,583.4,83,2842.76
9923267144917946,19619.44,9617.8,2,295.89
6369378760159994,12435.75,13248.68,36,3164.01
5280064825607349,12066.03,2370.05,39,3844.6
3166688927690776,15213.39,5777.7,71,4970.41
6919522206717107,16423.63,7956.73,39,55.39
9640808625130996,13473.09,18390.62,55,3650.87
6444057069040800,3433.82,19865.1,22,2858.95
2645628661600540,7427.08,898.23,10,2170.26
1404887759221738,18633.59,15220.16,63,637.85
8901731452635801,5267.7,7434.48,7,2045.43
8362996492975985,8071.17,7849.16,92,1771.89
9327514302868528,9209.46,15085.3,93,1514.15
6563283918361424,9348.69,18368.53,55,3654.4
3450070360313192,12645.85,19018.57,59,3503.63
5154713237590163,18918.44,11542.45,9,2945.1
2352905509724501,5573.16,7142.42,38,4693.32
8170858220672062,3308.53,15750.98,27,1749.27
6390614245471591,4751.94,5020.03,48,1219.01
5462025630699846,17851.57,11281.48,35,3279.52
4139107028469471,13270.41,7171.57,12,994.07
4356312489862109,6432.23,13132.62,95,1575.05
9278044489943474,16502.99,4807.98,35,1123.01
8986280373584823,17366.03,3831.86,25,345.77
2938242931879229,17083.77,18364.78,85,4137.49
2134831154891421,18459.6,2036.07,3,1272.7
5759908779978032,5792.58,10119.16,94,2365.14
8689625169733084,15345.8,4417.06,81,216.58
8143655192730767,9750.25,778.6,63,3496.7
8157440967826450,16997.97,720.38,37,1652.81
6145788695347968,14841.32,3504.44,87,3723.68
3527011499971954,15752.5,17335.41,86,2062.02
4022207543667697,13467.07,5649.57,21,978.78
9568225827789301,4371.15,19009.18,1,2565.88
7143914128479344,11355.51,11632.45,30,652.52
7870236116298973,19708.73,8732.28,10,2202.7
2291538607793074,18810.37,11601.78,91,1586.53
9395038008344195,1820.3,10333.97,45,4559.8
6303495772654855,4131.48,15175.53,95,304.64
9439422082363446,3502.85,5649.92,61,3470.09
6804763204861570,14793.62,7061.01,68,913.76
5841284010611465,16537.92,17881.89,63,1595.23
5369226840014802,5056.72,18929.13,9,2077.57
9206125691164833,10611.2,17851.16,39,4540.08
1788881557286880,16973.36,8388.96,23,1212.89
9928407989207094,14923.23,15607.31,98,456.54
8210441948030751,11302.51,9526.71,43,1593.45
3802319560494470,12216.61,9950.8,59,523.38
5289591749225479,10658.85,4093.6,61,642.98
5436806665613624,6653.42,11822.61,86,2869.25
6395261698266946,11735.42,3722.72,16,304.51
3172459725125590,14088.82,6631.29,64,154.65
1327355988506366,17593.14,17100.6,94,3572.07
4307316352196935,13089.54,4141.52,94,1808.24
2930971508800248,15461.31,1423.17,56,626.88
3054912368643300,4041.36,1380.15,54,1268.06
6939849092701234,9769.59,18815.69,52,3210.43
8422118195449435,1177.3,10138.41,55,1377.68
8190731832112391,5686.9,8188.24,97,2472.61
6908370924576546,14802.77,16217.57,8,608.48
1149945849828439,19844.39,16716.52,21,2940.47
2825522605303071,2884.38,6643.82,12,1580.39
5200648984607533,8628.39,13872.36,88,3134.84
3614548296118159,16201.35,15422.46,47,4041.97
4889814202275315,4876.68,13093.01,17,3058.23
3146951677997237,11546.61,3031.9,75,1478.74
8276380719502221,14928.35,17517.66,39,1278.72
4301688780849974,12703.72,10781.89,16,1637.1
7266868759312337,4572.47,5649.45,14,823.1
6655916302831945,7752.31,8504.56,14,905.86
2094043000127136,15892.04,751.42,78,3953.46
7764843421854804,11530.3,2557.34,62,1923.66
4044075778231919,1099.36,15310.94,38,2179.98
6222117060551570,15458.82,0.23,12,2970.25
1622476666520860,1670.92,8331.32,80,2948.27
1697896554319953,15168.94,10450.2,31,336.88
2726241461675904,4847.13,1092.69,8,4157.7
2120602600528580,19203.4,19461.56,39,886.63
1377765291052554,7990.87,4522.51,19,3615.36
3694807759240190,7211.7,6083.97,89,3863.35
6494815214105282,3828.87,6078.85,90,3574.5
9323122780646518,6806.48,4608.33,84,2894.89
9956122776323603,17656.36,29.48,81,73.04
3314490638926628,19930.35,14586.9,76,1801.88
5278911736874239,7997.88,19336.91,79,3024.2
6337980187030408,9523.6,4485.87,72,1937.26
2685421879653428,14719.35,13260.94,62,4317.4
1593372149569378,17837.72,14837.93,75,1544.01
4894418536656377,12267.84,16968.51,43,1467.67
8788209280796011,8438.99,8452.58,37,1329.99
9572991436665424,8839.81,6058.62,82,1663.9
6606175996820637,14216.74,6505.9,59,2787.02
3333679007369274,1061.15,14252.43,70,3535.08
1386948511809238,12772.2,16335.59,98,3312.84
1932932103344863,7754.37,3632.28,47,4038.59
8541346178592625,16089.75,7418.82,17,4429.57
1154423455149264,2766.82,18038.8,15,4080.4
3262853950059016,12175.84,16133.87,54,94.73
3403702923562945,10138.48,19697.17,38,3679.59
4273161945482520,13204.18,15084.97,67,1042.0
2386923185691848,2232.22,7863.9,58,664.64
4614050246346005,12019.69,11812.76,88,3192.44
9440858088360429,11668.21,13220.29,95,1598.72
1501390755289753,11652.54,1569.12,61,285.59
6525844366452764,12466.27,10889.94,12,688.15
6396869894367841,13852.89,14186.42,80,4.65
7173580335588132,16294.79,3346.43,5,4516.12
6981664615652165,6126.59,15612.63,82,123.09
5359089137641599,16675.94,11675.46,76,1047.28
2389047463766057,10466.86,19044.44,59,2081.31
7356704061218856,2464.11,848.45,89,1782.86
3387748702021665,2112.47,5306.52,13,4558.63
9615843575256740,7350.53,12031.08,94,201.44
1981419343600613,15913.04,5931.2,53,2561.07
3803177923490379,14445.94,14288.48,3,3402.4
7762366335762036,15983.68,15180.11,38,4658.49
5678873549128021,10828.11,2050.32,71,3101.86
4078444711725082,9363.78,10277.09,24,4018.78
3145388848561438,3801.6,10177.81,76,418.62
7547066607137498,7235.66,7385.62,31,1929.7
5521910149833313,9246.37,18658.5,58,1869.74
8732915241924332,2683.41,16550.13,62,4431.44
9963186552781620,5191.63,13944.19,37,756.86
2444511633075081,12366.28,14286.53,91,759.43
7446079496039824,14977.6,9234.32,52,1642.79
6782990517275604,19968.6,18419.89,93,272.33
7014173001183933,18729.15,13891.91,66,912.29
7696547316829741,13208.74,14579.62,27,4826.05
2678126846791809,9003.71,17233.82,2,2140.92
5938988874405685,13087.37,5481.43,97,3160.1
5439184499732160,15927.38,16141.42,79,3630.56
6149228089234100,3248.39,3904.81,21,1834.81
3301431472149874,8788.19,6906.84,95,736.14
5278307410989084,16956.24,6712.21,37,1032.91
3498729668693770,8292.83,19570.51,71,1566.33
3204690195146762,11865.57,17130.74,71,3180.34
4762528427383459,12167.62,14023.4,61,1991.4
6458459855577274,4505.05,14541.14,56,34.07
5551044457790183,7882.47,11241.46,5,2617.04
9977387669013813,7355.71,18941.81,77,4607.57
9567812919054390,1497.74,9925.18,31,4060.39
2788282450938519,1459.64,7610.35,98,4126.06
6650343590326677,16802.24,3260.71,9,3975.29
3771063437483319,6188.35,15724.11,2,1618.65
2782446946838265,10843.5,14688.88,58,3825.97
8773699850838766,6675.79,7687.1,75,715.81
2051765172190674,18872.91,503.87,48,3288.58
7481495811063027,5926.64,16779.95,58,3207.84
3882828634042192,9163.48,228.36,30,127.85
6026683502091770,17581.87,14074.0,92,3939.85
4009827846002666,16996.74,19405.14,68,4516.24
5787143160543432,4535.93,8753.23,61,1337.08
8459746049662401,16250.22,4699.47,51,4061.95
3821296776382536,9705.55,14097.42,88,412.03
8945931525622055,10176.41,16342.56,40,2999.84
3977547980428928,3536.12,10928.61,30,2428.23
7901465716490300,2531.43,19340.71,84,2729.62
8639039992219239,14830.85,1033.37,83,4631.03
5741272206946328,10432.76,10095.91,21,4356.58
6686837673746210,9300.16,14369.08,3,3925.42
5697672353607153,14860.66,17252.81,12,1368.49
2834964657721451,15544.75,3585.11,44,4559.09
7650584920434098,4019.26,16000.07,41,487.54
4181836349493349,12594.28,11054.14,48,4266.65
8137347030505995,3571.73,7931.07,19,1640.8
3472880311461476,15276.13,2634.3,76,268.86
6044747499716538,13482.15,17305.92,80,3346.78
6928545059347248,19175.68,3145.46,53,1156.4
2842492823458832,2310.2,6195.76,35,1217.86
1775472196128312,2084.04,5800.91,96,1530.24
4781454655124976,6361.55,17428.28,0,318.42
2371288940728331,5972.41,13454.06,14,885.64
